Higgs_mass_GeV,l1prefiring_scale,systematics_down,systematics_up
300,0.9995,0.999260,1.000370
350,0.9994,0.999240,1.000406
400,0.9994,0.999150,1.000442
450,0.9993,0.999079,1.000487
500,0.9992,0.998969,1.000540
600,0.9991,0.998851,1.000642
700,0.9990,0.998728,1.000709
800,0.9989,0.998626,1.000795
900,0.9989,0.998549,1.000821
1000,0.9988,0.998471,1.000846
1200,0.9987,0.998331,1.000954
1400,0.9987,0.998219,1.001006
1600,0.9986,0.998053,1.001039
